airline,date_of_journey,source,destination,dep_time,arrival_time,duration,total_stops,additional_info,price
Jet Airways,2019-05-03,Mumbai,Hyderabad,10:20:00,11:50:00,90,0.0,In-flight meal not included,4995
Jet Airways,2019-03-21,Banglore,New Delhi,22:50:00,10:25:00,695,1.0,In-flight meal not included,7832
Multiple Carriers,2019-06-27,Delhi,Cochin,08:45:00,21:00:00,735,1.0,No Info,7005
Air India,2019-05-09,Banglore,Delhi,17:00:00,19:45:00,165,0.0,No Info,5228
Jet Airways,2019-05-27,Banglore,Delhi,19:50:00,22:50:00,180,0.0,No Info,7229
Jet Airways,2019-05-24,Kolkata,Banglore,14:05:00,23:35:00,570,1.0,No Info,14571
Indigo,2019-06-12,Delhi,Cochin,14:25:00,17:40:00,195,0.0,No Info,5601
Spicejet,2019-05-15,Mumbai,Hyderabad,22:45:00,00:15:00,90,0.0,No check-in baggage included,1965
Goair,2019-06-06,Banglore,Delhi,11:40:00,14:30:00,170,0.0,No Info,3898
Spicejet,2019-05-24,Mumbai,Hyderabad,22:45:00,00:15:00,90,0.0,No check-in baggage included,1965
Indigo,2019-04-01,Mumbai,Hyderabad,20:05:00,21:40:00,95,0.0,No Info,2227
Jet Airways,2019-04-24,Banglore,Delhi,08:20:00,11:20:00,180,0.0,In-flight meal not included,4544
Air India,2019-05-12,Kolkata,Banglore,10:00:00,05:25:00,1165,2.0,No Info,14634
Multiple Carriers,2019-06-09,Delhi,Cochin,03:50:00,19:00:00,910,1.0,No Info,12192
Jet Airways,2019-06-09,Banglore,Delhi,06:00:00,08:45:00,165,0.0,In-flight meal not included,7229
Jet Airways,2019-06-09,Mumbai,Hyderabad,10:20:00,11:50:00,90,0.0,No Info,5678
Jet Airways,2019-05-01,Kolkata,Banglore,14:05:00,09:20:00,1155,1.0,In-flight meal not included,9663
Air Asia,2019-05-27,Kolkata,Banglore,22:50:00,01:20:00,150,0.0,No Info,3807
Jet Airways,2019-05-21,Kolkata,Banglore,09:35:00,14:25:00,1730,1.0,No Info,11467
Indigo,2019-03-03,Banglore,New Delhi,20:00:00,22:55:00,175,0.0,No Info,7303
Jet Airways,2019-06-09,Delhi,Cochin,21:50:00,04:25:00,395,1.0,No Info,14714
Vistara,2019-03-27,Delhi,Cochin,06:00:00,09:10:00,190,0.0,No Info,4851
Spicejet,2019-03-21,Delhi,Cochin,08:45:00,13:15:00,270,1.0,No check-in baggage included,6356
Jet Airways,2019-05-27,Delhi,Cochin,19:30:00,12:35:00,1025,2.0,In-flight meal not included,13029
Jet Airways,2019-03-01,Banglore,New Delhi,14:05:00,19:10:00,305,1.0,No Info,36235
Jet Airways,2019-06-01,Banglore,Delhi,15:15:00,18:10:00,175,0.0,In-flight meal not included,7229
Air India,2019-05-09,Mumbai,Hyderabad,21:05:00,22:25:00,80,0.0,No Info,3100
Indigo,2019-04-24,Kolkata,Banglore,19:35:00,00:10:00,275,1.0,No Info,4860
Jet Airways,2019-06-24,Delhi,Cochin,17:30:00,12:35:00,1145,1.0,In-flight meal not included,10262
Jet Airways,2019-05-27,Delhi,Cochin,13:00:00,19:00:00,360,1.0,In-flight meal not included,12898
Jet Airways,2019-06-03,Banglore,Delhi,19:50:00,22:50:00,180,0.0,No Info,8016
Jet Airways,2019-06-01,Delhi,Cochin,21:50:00,12:35:00,885,1.0,In-flight meal not included,10262
Spicejet,2019-05-24,Banglore,Delhi,09:30:00,12:20:00,170,0.0,No Info,3625
Jet Airways,2019-05-18,Delhi,Cochin,18:15:00,04:25:00,610,1.0,In-flight meal not included,12373
Indigo,2019-06-03,Banglore,Delhi,23:30:00,02:20:00,170,0.0,No Info,4591
Air India,2019-05-21,Delhi,Cochin,05:10:00,08:00:00,170,0.0,No Info,6094
Vistara,2019-05-01,Chennai,Kolkata,17:45:00,20:05:00,140,0.0,No Info,11982
Jet Airways,2019-06-18,Delhi,Cochin,09:50:00,13:05:00,195,0.0,In-flight meal not included,4466
Jet Airways,2019-06-06,Delhi,Cochin,20:55:00,04:25:00,450,1.0,In-flight meal not included,10262
Indigo,2019-03-09,Chennai,Kolkata,19:35:00,21:55:00,140,0.0,No Info,6297
Jet Airways,2019-03-06,Banglore,New Delhi,05:45:00,05:05:00,1400,1.0,No Info,13555
Air India,2019-06-12,Kolkata,Banglore,05:50:00,08:55:00,1625,2.0,No Info,12723
Indigo,2019-05-18,Kolkata,Banglore,17:15:00,19:50:00,155,0.0,No Info,4804
Indigo,2019-05-27,Kolkata,Banglore,14:25:00,16:55:00,150,0.0,No Info,5224
Multiple Carriers,2019-06-27,Delhi,Cochin,11:30:00,01:30:00,840,1.0,No Info,13377
Multiple Carriers,2019-03-03,Delhi,Cochin,08:55:00,18:50:00,595,1.0,No Info,15411
Jet Airways,2019-03-24,Banglore,New Delhi,19:55:00,22:35:00,160,0.0,No Info,7229
Indigo,2019-03-03,Delhi,Cochin,16:00:00,01:35:00,575,1.0,No Info,14871
Jet Airways,2019-06-06,Kolkata,Banglore,08:25:00,19:50:00,685,1.0,In-flight meal not included,10844
Jet Airways,2019-04-09,Delhi,Cochin,05:30:00,19:00:00,810,2.0,No Info,11664
Indigo,2019-03-21,Delhi,Cochin,02:35:00,08:30:00,355,1.0,No Info,8470
Indigo,2019-05-18,Delhi,Cochin,14:25:00,17:40:00,195,0.0,No Info,6015
Spicejet,2019-06-06,Kolkata,Banglore,09:00:00,11:25:00,145,0.0,No check-in baggage included,3841
Vistara,2019-03-24,Banglore,New Delhi,09:50:00,12:35:00,165,0.0,No Info,6138
Multiple Carriers,2019-05-27,Delhi,Cochin,15:00:00,01:30:00,630,1.0,In-flight meal not included,6943
Jet Airways,2019-06-27,Delhi,Cochin,06:45:00,12:35:00,1790,2.0,In-flight meal not included,10919
Air India,2019-05-18,Kolkata,Banglore,09:25:00,01:20:00,955,2.0,No Info,11668
Spicejet,2019-05-18,Mumbai,Hyderabad,05:45:00,07:15:00,90,0.0,No Info,2017
Jet Airways,2019-05-06,Kolkata,Banglore,09:35:00,19:10:00,575,1.0,In-flight meal not included,12384
Indigo,2019-03-27,Delhi,Cochin,17:10:00,01:35:00,505,1.0,No Info,6316
Indigo,2019-05-18,Banglore,Delhi,10:10:00,13:00:00,170,0.0,No Info,3943
Multiple Carriers,2019-05-18,Delhi,Cochin,09:00:00,21:00:00,720,1.0,No Info,8073
Goair,2019-04-24,Delhi,Cochin,07:00:00,12:55:00,355,1.0,No Info,6195
Air India,2019-03-09,Delhi,Cochin,17:45:00,23:00:00,315,1.0,No Info,9064
Spicejet,2019-05-15,Banglore,Delhi,09:30:00,12:20:00,170,0.0,No Info,4423
Air India,2019-06-24,Delhi,Cochin,13:15:00,09:25:00,1210,2.0,No Info,8839
Air India,2019-04-01,Kolkata,Banglore,16:50:00,18:20:00,1530,2.0,No Info,7893
Multiple Carriers,2019-06-15,Delhi,Cochin,11:25:00,19:00:00,455,1.0,No Info,10877
Indigo,2019-04-06,Delhi,Cochin,06:50:00,12:10:00,320,1.0,No Info,5298
Indigo,2019-04-24,Kolkata,Banglore,15:15:00,17:45:00,150,0.0,No Info,4804
Jet Airways,2019-03-06,Mumbai,Hyderabad,14:20:00,16:50:00,1590,2.0,No Info,24115
Jet Airways,2019-03-27,Delhi,Cochin,19:15:00,04:25:00,550,1.0,No Info,12242
Indigo,2019-05-12,Mumbai,Hyderabad,20:05:00,21:40:00,95,0.0,No Info,2227
Multiple Carriers,2019-06-24,Delhi,Cochin,14:00:00,01:30:00,690,1.0,No Info,13377
Jet Airways,2019-03-03,Delhi,Cochin,05:25:00,04:25:00,2820,2.0,No Info,20064
Indigo,2019-06-27,Banglore,Delhi,04:00:00,06:50:00,170,0.0,No Info,3943
Jet Airways,2019-03-15,Mumbai,Hyderabad,02:55:00,04:25:00,90,0.0,In-flight meal not included,2071
Jet Airways,2019-03-12,Banglore,New Delhi,22:55:00,12:25:00,810,1.0,No Info,13817
Multiple Carriers,2019-06-24,Delhi,Cochin,07:05:00,21:00:00,835,1.0,No Info,13797
Jet Airways,2019-04-09,Delhi,Cochin,05:30:00,04:25:00,1375,2.0,No Info,10909
Jet Airways,2019-03-24,Kolkata,Banglore,16:55:00,18:10:00,1515,1.0,In-flight meal not included,11134
Multiple Carriers,2019-03-06,Delhi,Cochin,07:05:00,21:20:00,855,2.0,No Info,7084
Jet Airways,2019-06-12,Delhi,Cochin,14:35:00,04:25:00,830,2.0,In-flight meal not included,10919
Air India,2019-04-01,Delhi,Cochin,09:45:00,09:25:00,1420,1.0,No Info,5117
Jet Airways,2019-03-09,Delhi,Cochin,02:15:00,04:25:00,1570,1.0,In-flight meal not included,11848
Indigo,2019-04-01,Banglore,Delhi,01:30:00,04:15:00,165,0.0,No Info,4423
Spicejet,2019-05-24,Kolkata,Banglore,22:20:00,00:40:00,140,0.0,No Info,3873
Jet Airways,2019-05-12,Kolkata,Banglore,18:55:00,09:20:00,865,1.0,No Info,14388
Jet Airways,2019-04-18,Banglore,Delhi,15:15:00,18:10:00,175,0.0,In-flight meal not included,5198
Jet Airways,2019-06-09,Kolkata,Banglore,20:25:00,09:45:00,800,1.0,In-flight meal not included,13469
Jet Airways,2019-04-01,Kolkata,Banglore,18:55:00,23:35:00,1720,1.0,No Info,12681
Jet Airways,2019-05-18,Kolkata,Banglore,18:55:00,22:35:00,1660,1.0,In-flight meal not included,10844
Indigo,2019-05-09,Delhi,Cochin,17:05:00,22:25:00,320,1.0,No Info,6027
Air Asia,2019-06-24,Delhi,Cochin,07:55:00,13:25:00,330,1.0,No Info,6152
Indigo,2019-05-15,Banglore,Delhi,20:00:00,22:50:00,170,0.0,No Info,4823
Air India,2019-04-15,Kolkata,Banglore,20:45:00,23:20:00,155,0.0,No Info,4145
Jet Airways,2019-03-24,Kolkata,Banglore,06:30:00,18:10:00,700,1.0,In-flight meal not included,10031
Multiple Carriers,2019-06-12,Delhi,Cochin,18:15:00,01:30:00,435,1.0,No Info,13377
Jet Airways,2019-05-06,Kolkata,Banglore,06:30:00,10:05:00,1655,1.0,In-flight meal not included,8586
Air India,2019-04-21,Banglore,Delhi,06:10:00,08:55:00,165,0.0,No Info,6121
Air Asia,2019-04-03,Kolkata,Banglore,19:55:00,22:25:00,150,0.0,No Info,4107
Jet Airways,2019-04-06,Banglore,Delhi,07:10:00,10:10:00,180,0.0,In-flight meal not included,4544
Indigo,2019-06-24,Delhi,Cochin,18:35:00,01:30:00,415,1.0,No Info,5883
Jet Airways,2019-04-12,Banglore,Delhi,08:20:00,11:20:00,180,0.0,No Info,7229
Vistara,2019-03-03,Banglore,New Delhi,21:10:00,00:05:00,175,0.0,No Info,7608
Air India,2019-03-09,Delhi,Cochin,08:00:00,19:15:00,675,1.0,No Info,16754
Air India,2019-03-24,Kolkata,Banglore,16:45:00,23:15:00,1830,2.0,No Info,12835
Jet Airways,2019-06-03,Delhi,Cochin,09:35:00,12:35:00,1620,2.0,In-flight meal not included,11507
Jet Airways,2019-06-12,Kolkata,Banglore,14:05:00,04:40:00,875,1.0,In-flight meal not included,7594
Indigo,2019-03-03,Chennai,Kolkata,13:20:00,15:35:00,135,0.0,No Info,7295
Air India,2019-06-27,Delhi,Cochin,17:15:00,07:40:00,865,2.0,No Info,13039
Indigo,2019-05-15,Delhi,Cochin,17:05:00,22:15:00,310,1.0,No Info,6027
Jet Airways,2019-03-06,Banglore,New Delhi,11:40:00,10:25:00,1365,1.0,No Info,17261
Indigo,2019-04-01,Banglore,Delhi,06:05:00,08:50:00,165,0.0,No Info,3943
Jet Airways,2019-06-09,Delhi,Cochin,17:30:00,19:00:00,1530,1.0,In-flight meal not included,10262
Multiple Carriers,2019-05-15,Delhi,Cochin,07:00:00,21:00:00,840,1.0,No Info,8073
Spicejet,2019-03-15,Banglore,New Delhi,09:35:00,12:30:00,175,0.0,No Info,6309
Jet Airways,2019-05-18,Delhi,Cochin,21:50:00,04:25:00,395,1.0,No Info,15554
Indigo,2019-06-24,Kolkata,Banglore,14:25:00,16:55:00,150,0.0,No Info,4804
Indigo,2019-06-01,Delhi,Cochin,08:30:00,21:00:00,750,1.0,No Info,6416
Goair,2019-04-27,Banglore,Delhi,20:55:00,23:40:00,165,0.0,No Info,3898
Jet Airways,2019-05-01,Kolkata,Banglore,08:25:00,16:20:00,475,1.0,No Info,14781
Spicejet,2019-03-21,Chennai,Kolkata,17:45:00,20:05:00,140,0.0,No check-in baggage included,3332
Indigo,2019-05-15,Chennai,Kolkata,19:35:00,21:55:00,140,0.0,No Info,3597
Jet Airways,2019-03-21,Banglore,New Delhi,16:55:00,11:25:00,1110,1.0,In-flight meal not included,7832
Jet Airways,2019-03-24,Kolkata,Banglore,13:55:00,09:15:00,1160,1.0,In-flight meal not included,11134
Multiple Carriers,2019-06-15,Delhi,Cochin,04:55:00,12:35:00,460,1.0,No Info,10678
Air India,2019-05-06,Kolkata,Banglore,09:50:00,23:15:00,805,2.0,No Info,14120
Jet Airways,2019-03-06,Banglore,New Delhi,22:50:00,00:45:00,1555,1.0,No Info,14815
Jet Airways,2019-03-21,Banglore,New Delhi,11:40:00,20:20:00,520,1.0,In-flight meal not included,7832
Multiple Carriers,2019-06-24,Delhi,Cochin,08:45:00,19:15:00,630,1.0,No Info,9001
Air India,2019-05-27,Delhi,Cochin,05:10:00,08:00:00,170,0.0,No Info,6094
Jet Airways,2019-05-01,Banglore,Delhi,07:10:00,10:10:00,180,0.0,In-flight meal not included,4030
Air India,2019-03-27,Delhi,Cochin,21:30:00,19:15:00,1305,2.0,No Info,8665
Indigo,2019-03-21,Kolkata,Banglore,10:10:00,12:55:00,165,0.0,No Info,5198
Air India,2019-05-24,Kolkata,Banglore,19:00:00,04:40:00,580,1.0,No Info,6327
Air India,2019-03-21,Banglore,New Delhi,11:50:00,13:00:00,1510,1.0,No Info,5092
Multiple Carriers,2019-03-06,Delhi,Cochin,11:30:00,19:15:00,465,1.0,In-flight meal not included,15342
Jet Airways,2019-03-18,Banglore,New Delhi,07:00:00,13:15:00,375,1.0,No Info,12284
Multiple Carriers,2019-03-27,Delhi,Cochin,07:30:00,19:15:00,705,1.0,No Info,9100
Jet Airways,2019-06-06,Banglore,Delhi,17:45:00,20:45:00,180,0.0,No Info,8016
Jet Airways,2019-05-21,Delhi,Cochin,07:05:00,12:35:00,330,1.0,In-flight meal not included,12898
Spicejet,2019-06-09,Chennai,Kolkata,08:20:00,10:35:00,135,0.0,No check-in baggage included,3543
Goair,2019-06-09,Kolkata,Banglore,16:40:00,00:15:00,455,1.0,No Info,9495
Jet Airways,2019-05-18,Kolkata,Banglore,20:25:00,23:35:00,1630,1.0,No Info,14151
Multiple Carriers,2019-05-18,Delhi,Cochin,10:20:00,21:00:00,640,1.0,No Info,7670
Indigo,2019-04-06,Kolkata,Banglore,15:30:00,18:05:00,155,0.0,No Info,4174
Spicejet,2019-06-12,Kolkata,Banglore,09:00:00,11:25:00,145,0.0,No Info,3873
Air India,2019-04-15,Banglore,Delhi,13:20:00,16:10:00,170,0.0,No Info,5228
Spicejet,2019-05-01,Kolkata,Banglore,09:00:00,11:25:00,145,0.0,No Info,4174
Spicejet,2019-03-01,Chennai,Kolkata,17:45:00,20:05:00,140,0.0,No Info,7718
Jet Airways,2019-05-24,Mumbai,Hyderabad,19:35:00,21:05:00,90,0.0,No Info,5678
Jet Airways,2019-05-01,Kolkata,Banglore,16:30:00,08:15:00,945,1.0,No Info,13941
Indigo,2019-06-27,Delhi,Cochin,23:30:00,04:35:00,305,1.0,No Info,9165
Jet Airways,2019-06-12,Delhi,Cochin,09:40:00,12:35:00,1615,2.0,No Info,13014
Jet Airways,2019-05-09,Delhi,Cochin,21:50:00,04:25:00,395,1.0,No Info,15554
Jet Airways,2019-03-24,Kolkata,Banglore,08:25:00,04:45:00,1220,1.0,No Info,13759
Jet Airways,2019-05-21,Kolkata,Banglore,21:10:00,12:00:00,890,1.0,In-flight meal not included,10844
Air India,2019-05-15,Delhi,Cochin,17:15:00,19:15:00,1560,2.0,No Info,13022
Air Asia,2019-06-01,Delhi,Cochin,20:45:00,07:10:00,625,1.0,No Info,11410
Jet Airways,2019-03-21,Delhi,Cochin,02:15:00,04:25:00,1570,1.0,In-flight meal not included,7438
Vistara,2019-03-15,Banglore,New Delhi,07:00:00,09:40:00,160,0.0,No Info,6138
Jet Airways,2019-03-12,Mumbai,Hyderabad,09:50:00,16:35:00,405,1.0,No Info,20120
Multiple Carriers,2019-05-27,Delhi,Cochin,14:55:00,22:30:00,455,1.0,No Info,7038
Jet Airways,2019-05-01,Kolkata,Banglore,09:35:00,18:00:00,505,1.0,In-flight meal not included,10703
Air India,2019-03-21,Delhi,Cochin,17:15:00,07:40:00,865,2.0,No Info,8052
Jet Airways,2019-04-12,Banglore,Delhi,11:10:00,14:05:00,175,0.0,No Info,7229
Air India,2019-03-15,Chennai,Kolkata,11:40:00,13:55:00,135,0.0,No Info,7082
Indigo,2019-03-09,Banglore,New Delhi,01:30:00,04:15:00,165,0.0,No Info,4545
Multiple Carriers,2019-03-03,Delhi,Cochin,10:20:00,01:35:00,915,1.0,No Info,15147
Jet Airways,2019-06-03,Mumbai,Hyderabad,19:35:00,21:05:00,90,0.0,No Info,5678
Goair,2019-06-01,Delhi,Cochin,14:25:00,19:35:00,310,1.0,No Info,10651
Multiple Carriers,2019-06-03,Delhi,Cochin,07:10:00,22:30:00,920,1.0,No Info,7878
Jet Airways,2019-06-01,Delhi,Cochin,18:15:00,12:35:00,1100,1.0,In-flight meal not included,10262
Jet Airways,2019-05-06,Kolkata,Banglore,20:25:00,23:35:00,1630,1.0,No Info,10953
Jet Airways,2019-05-18,Delhi,Cochin,13:25:00,12:35:00,1390,2.0,No Info,15129
Air Asia,2019-04-21,Kolkata,Banglore,22:50:00,01:20:00,150,0.0,No Info,5645
Vistara,2019-03-03,Banglore,New Delhi,16:00:00,18:35:00,155,0.0,No Info,13383
Jet Airways,2019-04-01,Banglore,Delhi,15:15:00,18:10:00,175,0.0,No Info,7229
Goair,2019-03-03,Banglore,New Delhi,11:40:00,14:35:00,175,0.0,No Info,7646
Jet Airways,2019-05-24,Kolkata,Banglore,14:05:00,09:20:00,1155,1.0,In-flight meal not included,9663
Jet Airways,2019-05-01,Kolkata,Banglore,10:20:00,17:35:00,435,1.0,No Info,8355
Indigo,2019-05-27,Delhi,Cochin,15:00:00,01:30:00,630,1.0,No Info,6628
Jet Airways,2019-03-21,Banglore,New Delhi,14:05:00,10:25:00,1220,1.0,In-flight meal not included,7832
Air India,2019-04-01,Kolkata,Banglore,09:50:00,23:15:00,805,2.0,No Info,12125
Jet Airways,2019-03-15,Banglore,New Delhi,16:55:00,00:45:00,470,1.0,No Info,21934
Jet Airways,2019-03-06,Banglore,New Delhi,14:05:00,09:00:00,1135,1.0,No Info,17261
Spicejet,2019-06-03,Chennai,Kolkata,08:20:00,10:35:00,135,0.0,No Info,3597
Jet Airways,2019-06-21,Banglore,Delhi,15:15:00,18:10:00,175,0.0,No Info,8016
Multiple Carriers,2019-06-12,Delhi,Cochin,08:00:00,19:15:00,675,1.0,No Info,15058
Air India,2019-03-09,Delhi,Cochin,05:15:00,19:15:00,2280,3.0,No Info,15586
Multiple Carriers,2019-06-03,Delhi,Cochin,09:45:00,16:10:00,385,1.0,No Info,9646
Jet Airways,2019-06-12,Kolkata,Banglore,18:55:00,18:15:00,1400,1.0,No Info,13044
Multiple Carriers,2019-05-09,Delhi,Cochin,19:00:00,01:30:00,390,1.0,No Info,9424
Indigo,2019-04-24,Kolkata,Banglore,22:15:00,00:50:00,155,0.0,No Info,4804
Jet Airways,2019-06-01,Delhi,Cochin,10:00:00,19:00:00,540,1.0,No Info,14714
Air India,2019-06-18,Kolkata,Banglore,14:15:00,16:45:00,150,0.0,No Info,5510
Jet Airways,2019-05-01,Kolkata,Banglore,09:35:00,10:55:00,1520,1.0,No Info,12121
Jet Airways,2019-06-15,Delhi,Cochin,22:50:00,19:00:00,1210,1.0,In-flight meal not included,10262
Jet Airways,2019-05-24,Mumbai,Hyderabad,02:55:00,04:20:00,85,0.0,In-flight meal not included,4995
Indigo,2019-06-12,Kolkata,Banglore,15:30:00,18:05:00,155,0.0,No Info,4804
Vistara,2019-05-06,Kolkata,Banglore,07:10:00,18:50:00,700,1.0,No Info,8610
Indigo,2019-06-21,Banglore,Delhi,07:10:00,10:05:00,175,0.0,No Info,4823
Jet Airways,2019-05-27,Delhi,Cochin,14:00:00,19:00:00,300,1.0,In-flight meal not included,12898
Jet Airways,2019-06-15,Delhi,Cochin,06:45:00,04:25:00,1300,2.0,No Info,13376
Multiple Carriers,2019-06-09,Delhi,Cochin,13:00:00,21:00:00,480,1.0,No Info,13587
Jet Airways,2019-05-15,Kolkata,Banglore,20:00:00,09:20:00,800,1.0,In-flight meal not included,9663
Jet Airways,2019-03-15,Banglore,New Delhi,09:45:00,15:55:00,370,1.0,In-flight meal not included,7280
Indigo,2019-03-09,Banglore,New Delhi,19:30:00,00:40:00,310,1.0,No Info,7280
Spicejet,2019-03-27,Kolkata,Banglore,22:20:00,00:40:00,140,0.0,No check-in baggage included,3815
Air India,2019-03-15,Mumbai,Hyderabad,15:00:00,16:25:00,85,0.0,No Info,2050
Jet Airways,2019-05-15,Kolkata,Banglore,10:20:00,17:35:00,435,1.0,In-flight meal not included,5608
Indigo,2019-06-24,Kolkata,Banglore,22:15:00,00:50:00,155,0.0,No Info,4804
Jet Airways,2019-06-15,Delhi,Cochin,19:30:00,12:35:00,1025,2.0,No Info,13014
Indigo,2019-06-15,Delhi,Cochin,05:05:00,16:10:00,665,1.0,No Info,6818
Vistara,2019-06-09,Kolkata,Banglore,17:00:00,10:45:00,1065,1.0,No Info,9922
Goair,2019-06-18,Banglore,Delhi,07:45:00,10:40:00,175,0.0,No Info,3419
Spicejet,2019-06-12,Kolkata,Banglore,22:20:00,00:40:00,140,0.0,No check-in baggage included,3841
Jet Airways,2019-05-15,Kolkata,Banglore,16:30:00,18:15:00,1545,1.0,In-flight meal not included,10844
Jet Airways,2019-03-27,Delhi,Cochin,08:00:00,18:50:00,650,1.0,In-flight meal not included,6068
Air India,2019-03-03,Delhi,Cochin,16:40:00,19:15:00,1595,2.0,No Info,14011
Vistara,2019-03-24,Banglore,New Delhi,21:10:00,00:05:00,175,0.0,No Info,6558
Indigo,2019-05-09,Chennai,Kolkata,13:15:00,15:35:00,140,0.0,No Info,3597
Indigo,2019-05-15,Delhi,Cochin,02:00:00,07:45:00,345,1.0,No Info,6037
Air India,2019-05-09,Kolkata,Banglore,07:00:00,20:25:00,805,1.0,No Info,10203
Vistara,2019-05-18,Kolkata,Banglore,20:20:00,10:45:00,865,1.0,No Info,9187
Jet Airways,2019-05-03,Banglore,Delhi,17:45:00,20:45:00,180,0.0,No Info,7229
Indigo,2019-03-18,Mumbai,Hyderabad,21:20:00,22:45:00,85,0.0,No Info,2227
Air India,2019-03-24,Banglore,New Delhi,06:10:00,08:55:00,165,0.0,No Info,4441
Air Asia,2019-03-03,Banglore,New Delhi,23:25:00,02:10:00,165,0.0,No Info,6135
Jet Airways,2019-06-09,Delhi,Cochin,09:40:00,12:35:00,1615,2.0,In-flight meal not included,10368
Air India,2019-03-21,Banglore,New Delhi,22:00:00,10:50:00,770,1.0,No Info,6955
Jet Airways,2019-06-12,Mumbai,Hyderabad,10:20:00,11:50:00,90,0.0,In-flight meal not included,4995
Multiple Carriers,2019-03-27,Delhi,Cochin,07:00:00,21:00:00,840,1.0,No Info,6358
Air India,2019-04-06,Delhi,Cochin,17:20:00,09:25:00,965,1.0,No Info,4697
Multiple Carriers,2019-06-27,Delhi,Cochin,04:55:00,12:35:00,460,1.0,No Info,10678
Multiple Carriers,2019-05-15,Delhi,Cochin,04:55:00,12:35:00,460,1.0,No Info,9103
Air India,2019-04-24,Banglore,Delhi,10:00:00,12:45:00,165,0.0,No Info,6121
Indigo,2019-03-21,Delhi,Cochin,18:35:00,01:35:00,420,1.0,No Info,9264
Spicejet,2019-06-03,Chennai,Kolkata,17:45:00,20:05:00,140,0.0,No Info,3597
Air India,2019-06-24,Delhi,Cochin,17:15:00,07:40:00,865,2.0,No Info,11989
Multiple Carriers,2019-05-09,Delhi,Cochin,08:30:00,19:15:00,645,1.0,No Info,8099
Jet Airways,2019-06-12,Mumbai,Hyderabad,19:35:00,21:05:00,90,0.0,In-flight meal not included,3210
Jet Airways,2019-05-09,Delhi,Cochin,11:40:00,19:00:00,440,2.0,In-flight meal not included,19644
Air India,2019-03-09,Banglore,New Delhi,10:00:00,12:45:00,165,0.0,No Info,7801
Jet Airways,2019-06-27,Delhi,Cochin,17:30:00,19:00:00,1530,1.0,In-flight meal not included,10262
Jet Airways,2019-03-21,Banglore,New Delhi,07:00:00,13:15:00,375,1.0,In-flight meal not included,7832
Spicejet,2019-03-03,Delhi,Cochin,16:35:00,22:50:00,375,1.0,No Info,11726
Jet Airways,2019-05-21,Kolkata,Banglore,08:25:00,18:15:00,590,1.0,In-flight meal not included,10844
Indigo,2019-05-21,Delhi,Cochin,21:50:00,03:35:00,345,1.0,No Info,7189
Indigo,2019-04-24,Kolkata,Banglore,11:30:00,14:05:00,155,0.0,No Info,4804
Indigo,2019-06-24,Banglore,Delhi,23:30:00,02:20:00,170,0.0,No Info,3943
Multiple Carriers,2019-05-15,Delhi,Cochin,15:15:00,01:30:00,615,1.0,No Info,7670
Jet Airways,2019-03-27,Delhi,Cochin,05:10:00,19:45:00,2315,2.0,In-flight meal not included,8938
Air India,2019-03-01,Banglore,New Delhi,09:30:00,23:45:00,855,1.0,No Info,12704
Air Asia,2019-04-15,Kolkata,Banglore,07:35:00,19:25:00,710,1.0,No Info,5192
Spicejet,2019-05-24,Kolkata,Banglore,17:10:00,19:40:00,150,0.0,No check-in baggage included,3841
Jet Airways,2019-03-15,Banglore,New Delhi,09:45:00,14:25:00,280,1.0,No Info,8578
Spicejet,2019-05-15,Banglore,Delhi,05:55:00,08:35:00,160,0.0,No check-in baggage included,3257
Jet Airways,2019-05-21,Delhi,Cochin,08:00:00,19:00:00,660,1.0,In-flight meal not included,12898
Spicejet,2019-03-27,Kolkata,Banglore,17:15:00,19:45:00,150,0.0,No check-in baggage included,3815
Indigo,2019-05-27,Delhi,Cochin,02:00:00,07:45:00,345,1.0,No Info,6147
Indigo,2019-05-18,Banglore,Delhi,23:30:00,02:20:00,170,0.0,No Info,4591
Jet Airways,2019-05-21,Kolkata,Banglore,20:25:00,18:00:00,1295,1.0,No Info,14151
Jet Airways,2019-06-06,Kolkata,Banglore,18:55:00,22:35:00,1660,1.0,In-flight meal not included,10844
Jet Airways,2019-05-09,Kolkata,Banglore,20:25:00,18:00:00,1295,1.0,No Info,11467
Indigo,2019-06-09,Delhi,Cochin,16:10:00,22:30:00,380,1.0,No Info,6412
Jet Airways,2019-04-01,Kolkata,Banglore,18:55:00,16:20:00,1285,1.0,No Info,12681
Indigo,2019-04-27,Delhi,Cochin,07:35:00,12:10:00,275,1.0,No Info,5073
Jet Airways,2019-06-24,Delhi,Cochin,18:15:00,12:35:00,1100,1.0,In-flight meal not included,10262
Air India,2019-03-24,Kolkata,Banglore,07:00:00,13:45:00,1845,2.0,No Info,12829
Indigo,2019-06-27,Banglore,Delhi,07:10:00,10:05:00,175,0.0,No Info,4823
Spicejet,2019-05-01,Mumbai,Hyderabad,05:45:00,07:15:00,90,0.0,No Info,2017
Jet Airways,2019-04-18,Banglore,Delhi,15:15:00,18:10:00,175,0.0,No Info,7229
Multiple Carriers,2019-06-12,Delhi,Cochin,07:10:00,22:30:00,920,1.0,No Info,6513
Indigo,2019-03-03,Chennai,Kolkata,07:55:00,10:15:00,140,0.0,No Info,7295
Jet Airways,2019-06-12,Kolkata,Banglore,20:25:00,18:00:00,1295,1.0,No Info,12692
Jet Airways,2019-06-15,Delhi,Cochin,14:35:00,12:35:00,1320,2.0,No Info,13376
Spicejet,2019-06-18,Kolkata,Banglore,09:00:00,11:25:00,145,0.0,No check-in baggage included,3841
Multiple Carriers,2019-03-27,Delhi,Cochin,13:05:00,22:20:00,555,1.0,No Info,6076
Jet Airways,2019-05-21,Kolkata,Banglore,06:30:00,04:40:00,1330,1.0,In-flight meal not included,8586
Spicejet,2019-04-09,Kolkata,Banglore,22:20:00,00:40:00,140,0.0,No check-in baggage included,3841
Jet Airways,2019-05-18,Kolkata,Banglore,21:10:00,04:40:00,450,1.0,In-flight meal not included,8586
Jet Airways,2019-06-12,Banglore,Delhi,08:20:00,11:20:00,180,0.0,In-flight meal not included,5769
Jet Airways,2019-05-01,Kolkata,Banglore,08:25:00,04:40:00,1215,1.0,In-flight meal not included,8586
Spicejet,2019-05-09,Delhi,Cochin,08:45:00,13:15:00,270,1.0,No check-in baggage included,4760
Jet Airways,2019-05-09,Kolkata,Banglore,20:25:00,21:05:00,1480,1.0,No Info,13067
Jet Airways,2019-05-27,Banglore,Delhi,18:55:00,22:00:00,185,0.0,In-flight meal not included,3359
Jet Airways,2019-05-15,Kolkata,Banglore,21:10:00,09:20:00,730,1.0,In-flight meal not included,9663
Jet Airways,2019-05-15,Kolkata,Banglore,09:35:00,21:05:00,690,1.0,No Info,12121
Jet Airways,2019-06-09,Delhi,Cochin,06:45:00,12:35:00,1790,2.0,No Info,13376
Multiple Carriers,2019-03-09,Delhi,Cochin,08:40:00,19:45:00,665,1.0,No Info,18492
Jet Airways,2019-05-18,Delhi,Cochin,22:50:00,04:25:00,335,1.0,No Info,15554
Air India,2019-05-09,Kolkata,Banglore,14:35:00,14:35:00,1440,1.0,No Info,6528
Jet Airways,2019-04-01,Kolkata,Banglore,20:00:00,16:20:00,1220,1.0,No Info,12681
Indigo,2019-03-09,Delhi,Cochin,06:40:00,16:10:00,570,1.0,No Info,6442
Indigo,2019-04-24,Kolkata,Banglore,09:35:00,12:20:00,165,0.0,No Info,4804
Multiple Carriers,2019-06-09,Delhi,Cochin,02:15:00,11:30:00,555,1.0,No Info,13587
Jet Airways,2019-03-24,Banglore,New Delhi,02:00:00,04:45:00,165,0.0,No Info,7229
Jet Airways,2019-05-03,Banglore,Delhi,06:00:00,08:45:00,165,0.0,No Info,7229
Multiple Carriers,2019-06-06,Delhi,Cochin,13:00:00,01:30:00,750,1.0,No Info,7198
Jet Airways,2019-04-01,Mumbai,Hyderabad,19:35:00,21:05:00,90,0.0,No Info,5678
Jet Airways,2019-05-21,Delhi,Cochin,18:15:00,19:00:00,1485,1.0,No Info,16079
Air India,2019-06-09,Delhi,Cochin,09:45:00,09:25:00,1420,2.0,No Info,11185
Jet Airways,2019-04-01,Banglore,Delhi,18:55:00,22:00:00,185,0.0,No Info,7229
Air India,2019-05-18,Banglore,Delhi,17:00:00,19:45:00,165,0.0,No Info,7171
Jet Airways,2019-06-06,Mumbai,Hyderabad,19:35:00,21:05:00,90,0.0,In-flight meal not included,3210
Air India,2019-04-21,Delhi,Cochin,20:30:00,23:00:00,1590,1.0,No Info,7174
Vistara,2019-04-01,Delhi,Cochin,14:40:00,17:50:00,190,0.0,No Info,4851
Air India,2019-06-12,Mumbai,Hyderabad,19:30:00,20:45:00,75,0.0,No Info,3100
Indigo,2019-05-18,Banglore,Delhi,18:55:00,21:50:00,175,0.0,No Info,4823
Air Asia,2019-03-03,Banglore,New Delhi,05:50:00,08:40:00,170,0.0,No Info,7652
Jet Airways,2019-05-09,Kolkata,Banglore,21:10:00,09:20:00,730,1.0,In-flight meal not included,9663
Air India,2019-05-24,Kolkata,Banglore,09:25:00,13:45:00,1700,2.0,No Info,12592
Air India,2019-03-12,Banglore,New Delhi,08:50:00,16:20:00,1890,2.0,No Info,12778
Indigo,2019-05-15,Delhi,Cochin,16:10:00,22:30:00,380,1.0,No Info,6412
Jet Airways,2019-06-24,Delhi,Cochin,05:30:00,04:25:00,1375,2.0,No Info,13014
Jet Airways,2019-03-06,Delhi,Cochin,13:00:00,04:25:00,925,1.0,In-flight meal not included,13843
Jet Airways,2019-06-15,Delhi,Cochin,09:35:00,12:35:00,1620,2.0,No Info,13292
Jet Airways,2019-03-06,Banglore,New Delhi,11:40:00,05:05:00,1045,1.0,No Info,16736
Indigo,2019-03-03,Banglore,New Delhi,04:00:00,06:50:00,170,0.0,No Info,6144
Multiple Carriers,2019-06-12,Delhi,Cochin,08:00:00,21:00:00,780,1.0,No Info,7408
Jet Airways,2019-06-06,Kolkata,Banglore,06:30:00,04:40:00,1330,1.0,No Info,13731
Vistara,2019-04-01,Kolkata,Banglore,17:00:00,22:55:00,355,1.0,No Info,8977
Jet Airways,2019-04-01,Mumbai,Hyderabad,02:55:00,04:20:00,85,0.0,No Info,5678
Indigo,2019-06-09,Delhi,Cochin,08:30:00,21:00:00,750,1.0,No Info,6838
Indigo,2019-06-01,Banglore,Delhi,18:55:00,21:50:00,175,0.0,No Info,4823
Multiple Carriers,2019-05-27,Delhi,Cochin,16:00:00,01:30:00,570,1.0,No Info,13377
Jet Airways,2019-03-21,Delhi,Cochin,16:00:00,18:50:00,1610,1.0,No Info,12557
Air India,2019-03-01,Banglore,New Delhi,10:30:00,17:45:00,435,2.0,Change airports,17461
Multiple Carriers,2019-06-12,Delhi,Cochin,19:00:00,01:30:00,390,1.0,No Info,6795
Indigo,2019-03-01,Mumbai,Hyderabad,12:00:00,13:25:00,85,0.0,No Info,12475
Multiple Carriers,2019-03-21,Delhi,Cochin,07:00:00,18:50:00,710,1.0,No Info,12402
Spicejet,2019-05-27,Chennai,Kolkata,17:45:00,20:05:00,140,0.0,No Info,3597
Air India,2019-05-21,Kolkata,Banglore,05:50:00,23:15:00,1045,2.0,No Info,13143
Jet Airways,2019-05-12,Kolkata,Banglore,20:00:00,09:20:00,800,1.0,In-flight meal not included,9663
Air India,2019-06-24,Delhi,Cochin,17:15:00,19:15:00,1560,2.0,No Info,11989
Spicejet,2019-04-15,Delhi,Cochin,06:05:00,11:20:00,315,1.0,No Info,5583
Jet Airways,2019-06-03,Delhi,Cochin,02:15:00,19:00:00,1005,1.0,No Info,14714
Jet Airways,2019-03-09,Delhi,Cochin,00:20:00,04:25:00,1685,1.0,In-flight meal not included,11848
Jet Airways,2019-06-24,Banglore,Delhi,19:50:00,22:50:00,180,0.0,In-flight meal not included,6478
Spicejet,2019-06-01,Banglore,Delhi,09:30:00,12:20:00,170,0.0,No Info,3971
Spicejet,2019-05-21,Mumbai,Hyderabad,13:15:00,14:45:00,90,0.0,No Info,2017
Indigo,2019-05-27,Chennai,Kolkata,14:45:00,17:05:00,140,0.0,No Info,3597
Multiple Carriers,2019-06-01,Delhi,Cochin,07:05:00,19:15:00,730,1.0,In-flight meal not included,12927
Multiple Carriers,2019-05-18,Delhi,Cochin,07:10:00,16:10:00,540,1.0,No Info,7038
Jet Airways,2019-03-18,Mumbai,Hyderabad,02:55:00,04:25:00,90,0.0,No Info,5678
Jet Airways,2019-05-21,Kolkata,Banglore,20:00:00,16:20:00,1220,1.0,In-flight meal not included,10844
Air India,2019-03-06,Banglore,New Delhi,12:00:00,23:25:00,685,3.0,No Info,14195
Jet Airways,2019-03-18,Banglore,New Delhi,14:05:00,21:20:00,435,1.0,No Info,16946
Multiple Carriers,2019-05-15,Delhi,Cochin,08:45:00,19:15:00,630,1.0,No Info,8266
Vistara,2019-05-06,Banglore,Delhi,11:30:00,14:20:00,170,0.0,No Info,4668
Indigo,2019-06-03,Mumbai,Hyderabad,20:05:00,21:40:00,95,0.0,No Info,2227
Jet Airways,2019-06-27,Delhi,Cochin,09:35:00,12:35:00,1620,2.0,No Info,13292
Jet Airways,2019-05-12,Kolkata,Banglore,10:20:00,17:35:00,435,1.0,No Info,9358
Multiple Carriers,2019-06-24,Delhi,Cochin,10:20:00,01:30:00,910,1.0,In-flight meal not included,5797
Indigo,2019-03-09,Kolkata,Banglore,20:25:00,23:05:00,160,0.0,No Info,4148
Spicejet,2019-03-15,Kolkata,Banglore,17:15:00,19:45:00,150,0.0,No check-in baggage included,3815
Jet Airways,2019-06-12,Delhi,Cochin,14:35:00,12:35:00,1320,2.0,No Info,13376
Jet Airways,2019-06-09,Kolkata,Banglore,20:00:00,09:20:00,800,1.0,In-flight meal not included,11841
Jet Airways,2019-05-09,Kolkata,Banglore,06:30:00,04:40:00,1330,1.0,No Info,13941
Air India,2019-03-21,Banglore,New Delhi,22:00:00,23:20:00,1520,1.0,No Info,6010
Vistara,2019-05-15,Kolkata,Banglore,07:10:00,23:25:00,975,1.0,No Info,9345
Jet Airways,2019-03-09,Delhi,Cochin,13:55:00,04:25:00,870,2.0,No Info,17229
Air India,2019-03-18,Banglore,New Delhi,06:45:00,10:35:00,1670,2.0,No Info,12305
Spicejet,2019-03-15,Mumbai,Hyderabad,05:45:00,07:05:00,80,0.0,No check-in baggage included,2385
Air India,2019-06-27,Delhi,Cochin,12:00:00,07:40:00,1180,2.0,No Info,9653
Air India,2019-04-01,Kolkata,Banglore,07:00:00,05:25:00,1345,2.0,No Info,12849
Air India,2019-05-21,Delhi,Cochin,19:45:00,19:15:00,1410,2.0,No Info,9443
Jet Airways,2019-05-27,Delhi,Cochin,05:30:00,19:00:00,810,2.0,No Info,15129
Indigo,2019-04-03,Banglore,Delhi,16:55:00,19:55:00,180,0.0,No Info,4823
Spicejet,2019-03-03,Kolkata,Banglore,22:20:00,00:40:00,140,0.0,No Info,5515
Jet Airways,2019-03-03,Delhi,Cochin,21:50:00,18:50:00,1260,1.0,No Info,17024
Jet Airways,2019-03-01,Banglore,New Delhi,08:55:00,00:45:00,950,1.0,No Info,26890
Jet Airways,2019-05-09,Kolkata,Banglore,20:25:00,14:25:00,1080,1.0,In-flight meal not included,9314
Spicejet,2019-05-21,Delhi,Cochin,15:45:00,22:05:00,380,1.0,No Info,7317
Jet Airways,2019-03-18,Banglore,New Delhi,22:50:00,05:05:00,375,1.0,No Info,54826
Jet Airways,2019-03-21,Banglore,New Delhi,07:00:00,19:10:00,730,1.0,In-flight meal not included,7832
Jet Airways,2019-05-18,Kolkata,Banglore,16:30:00,04:40:00,730,1.0,No Info,13941
Indigo,2019-05-06,Kolkata,Banglore,15:30:00,18:05:00,155,0.0,No Info,4804
Indigo,2019-05-03,Chennai,Kolkata,14:45:00,17:05:00,140,0.0,No Info,3858
Jet Airways,2019-05-21,Banglore,Delhi,06:00:00,08:45:00,165,0.0,No Info,7229
Jet Airways,2019-05-27,Delhi,Cochin,10:00:00,04:25:00,1105,1.0,In-flight meal not included,12898
Jet Airways,2019-03-03,Delhi,Cochin,20:05:00,04:25:00,500,2.0,No Info,46490
Jet Airways,2019-06-06,Delhi,Cochin,05:30:00,04:25:00,1375,2.0,No Info,13014
Jet Airways,2019-03-03,Banglore,New Delhi,11:40:00,00:45:00,785,1.0,In-flight meal not included,13502
Jet Airways,2019-03-18,Mumbai,Hyderabad,19:35:00,21:05:00,90,0.0,No Info,5678
Air Asia,2019-04-15,Kolkata,Banglore,10:20:00,12:55:00,155,0.0,No Info,4409
Indigo,2019-05-03,Banglore,Delhi,10:10:00,13:00:00,170,0.0,No Info,3943
Multiple Carriers,2019-06-15,Delhi,Cochin,08:45:00,19:15:00,630,1.0,No Info,9526
Air India,2019-03-12,Banglore,New Delhi,08:50:00,23:25:00,875,2.0,No Info,13250
Multiple Carriers,2019-05-18,Delhi,Cochin,09:15:00,19:15:00,600,1.0,No Info,8309
Jet Airways,2019-03-18,Banglore,New Delhi,16:55:00,05:05:00,730,1.0,In-flight meal not included,11087
Spicejet,2019-05-15,Kolkata,Banglore,06:55:00,09:30:00,155,0.0,No check-in baggage included,3841
Indigo,2019-04-06,Kolkata,Banglore,14:25:00,16:55:00,150,0.0,No Info,4174
Air India,2019-05-18,Delhi,Cochin,10:00:00,07:40:00,1300,1.0,No Info,8372
Jet Airways,2019-04-21,Banglore,Delhi,11:10:00,14:05:00,175,0.0,No Info,7229
Indigo,2019-05-15,Delhi,Cochin,11:55:00,22:30:00,635,1.0,No Info,6442
Jet Airways,2019-05-12,Kolkata,Banglore,21:10:00,10:05:00,775,1.0,No Info,13941
Vistara,2019-05-06,Kolkata,Banglore,07:10:00,22:40:00,930,1.0,No Info,8452
Indigo,2019-03-21,Delhi,Cochin,08:35:00,16:10:00,455,1.0,No Info,6790
Indigo,2019-04-27,Kolkata,Banglore,14:25:00,16:55:00,150,0.0,No Info,4804
Jet Airways,2019-05-15,Kolkata,Banglore,20:25:00,14:25:00,1080,1.0,In-flight meal not included,9314
Multiple Carriers,2019-03-01,Delhi,Cochin,14:35:00,22:20:00,465,1.0,No Info,14762
Indigo,2019-06-27,Delhi,Cochin,05:10:00,10:05:00,295,1.0,No Info,6496
Indigo,2019-05-15,Chennai,Kolkata,14:45:00,17:05:00,140,0.0,No Info,3597
Jet Airways,2019-06-01,Delhi,Cochin,09:40:00,12:35:00,1615,2.0,In-flight meal not included,10368
Jet Airways,2019-05-09,Kolkata,Banglore,16:30:00,09:20:00,1010,1.0,In-flight meal not included,9663
Jet Airways,2019-06-06,Delhi,Cochin,13:00:00,04:25:00,925,1.0,In-flight meal not included,10262
Jet Airways,2019-05-18,Kolkata,Banglore,17:00:00,19:10:00,1570,1.0,No Info,14151
Indigo,2019-05-21,Mumbai,Hyderabad,21:20:00,22:50:00,90,0.0,No Info,2227
Jet Airways,2019-04-01,Kolkata,Banglore,20:00:00,16:20:00,1220,1.0,In-flight meal not included,7064
Indigo,2019-04-27,Kolkata,Banglore,15:30:00,18:05:00,155,0.0,No Info,4804
Air Asia,2019-03-24,Kolkata,Banglore,19:35:00,22:05:00,150,0.0,No Info,5964
Air India,2019-04-03,Mumbai,Hyderabad,06:20:00,07:40:00,80,0.0,No Info,3100
Jet Airways,2019-06-12,Kolkata,Banglore,14:05:00,19:50:00,345,1.0,No Info,13626
Vistara,2019-03-09,Banglore,New Delhi,06:40:00,10:25:00,1665,1.0,No Info,10008
Jet Airways,2019-03-27,Delhi,Cochin,09:55:00,04:25:00,1110,1.0,No Info,12242
Air India,2019-05-03,Banglore,Delhi,10:00:00,12:45:00,165,0.0,No Info,6121
Jet Airways,2019-06-12,Delhi,Cochin,13:00:00,19:00:00,360,1.0,In-flight meal not included,10262
Multiple Carriers,2019-05-15,Delhi,Cochin,06:00:00,19:00:00,780,1.0,No Info,9794
Jet Airways,2019-06-12,Kolkata,Banglore,06:30:00,04:40:00,1330,1.0,No Info,12739
Jet Airways,2019-06-09,Kolkata,Banglore,18:55:00,04:40:00,585,1.0,No Info,14178
Jet Airways,2019-05-18,Delhi,Cochin,05:30:00,12:35:00,425,2.0,In-flight meal not included,15544
Vistara,2019-06-12,Banglore,Delhi,09:45:00,12:35:00,170,0.0,No Info,4668
Jet Airways,2019-06-27,Delhi,Cochin,11:45:00,12:35:00,1490,2.0,No Info,13882
Air India,2019-06-03,Banglore,Delhi,13:20:00,16:10:00,170,0.0,No Info,6961
Jet Airways,2019-06-15,Delhi,Cochin,19:45:00,12:35:00,1010,1.0,In-flight meal not included,10262
Jet Airways,2019-05-21,Kolkata,Banglore,17:00:00,21:05:00,1685,1.0,No Info,14151
Multiple Carriers,2019-03-27,Delhi,Cochin,09:45:00,21:20:00,695,2.0,No Info,6653
Air India,2019-03-27,Delhi,Cochin,20:30:00,23:00:00,1590,1.0,No Info,5022
Multiple Carriers,2019-06-27,Delhi,Cochin,09:45:00,22:30:00,765,1.0,No Info,9646
Jet Airways,2019-03-24,Kolkata,Banglore,13:55:00,10:05:00,1210,1.0,In-flight meal not included,11134
Air Asia,2019-03-01,Kolkata,Banglore,10:20:00,12:55:00,155,0.0,No Info,5620
Jet Airways,2019-06-09,Delhi,Cochin,16:00:00,19:00:00,1620,1.0,In-flight meal not included,10577
Indigo,2019-05-01,Banglore,Delhi,13:00:00,15:50:00,170,0.0,No Info,4423
Air India,2019-05-24,Kolkata,Banglore,05:50:00,12:30:00,1840,2.0,No Info,12723
Jet Airways,2019-06-12,Kolkata,Banglore,16:30:00,10:05:00,1055,1.0,In-flight meal not included,8529
Jet Airways,2019-03-06,Delhi,Cochin,05:25:00,04:25:00,1380,2.0,No Info,16914
Jet Airways,2019-03-15,Mumbai,Hyderabad,07:10:00,08:35:00,85,0.0,No Info,8040
Air India,2019-03-24,Mumbai,Hyderabad,13:55:00,15:25:00,90,0.0,No Info,2575
Jet Airways,2019-06-01,Banglore,Delhi,18:55:00,22:00:00,185,0.0,No Info,8016
Jet Airways,2019-05-24,Kolkata,Banglore,21:10:00,09:20:00,730,1.0,In-flight meal not included,9663
Air India,2019-06-12,Kolkata,Banglore,20:45:00,23:20:00,155,0.0,No Info,4145
Jet Airways,2019-05-18,Delhi,Cochin,05:30:00,12:35:00,425,2.0,No Info,16274
Indigo,2019-06-24,Banglore,Delhi,08:30:00,11:20:00,170,0.0,No Info,4823
Vistara,2019-03-06,Mumbai,Hyderabad,08:45:00,22:55:00,850,1.0,No Info,12395
Air India,2019-04-24,Delhi,Cochin,05:10:00,08:00:00,170,0.0,No Info,5201
Multiple Carriers,2019-05-27,Delhi,Cochin,17:30:00,01:30:00,480,1.0,No Info,13377
Spicejet,2019-05-06,Chennai,Kolkata,09:45:00,12:00:00,135,0.0,No check-in baggage included,3543
Jet Airways,2019-05-24,Kolkata,Banglore,08:25:00,19:50:00,685,1.0,In-flight meal not included,10844
Jet Airways,2019-05-06,Banglore,Delhi,19:50:00,22:50:00,180,0.0,No Info,7229
Air India,2019-05-01,Kolkata,Banglore,07:00:00,05:25:00,1345,2.0,No Info,14424
Multiple Carriers,2019-05-21,Delhi,Cochin,08:00:00,19:00:00,660,1.0,No Info,10197
Air India,2019-03-12,Banglore,New Delhi,11:05:00,22:10:00,665,2.0,No Info,11948
Multiple Carriers,2019-05-27,Delhi,Cochin,08:30:00,19:00:00,630,1.0,No Info,9627
Indigo,2019-03-21,Chennai,Kolkata,13:20:00,15:35:00,135,0.0,No Info,3384
Jet Airways,2019-06-24,Delhi,Cochin,11:40:00,19:00:00,440,2.0,In-flight meal not included,15812
Spicejet,2019-06-01,Delhi,Cochin,06:05:00,11:20:00,315,1.0,No Info,5583
Jet Airways,2019-05-09,Delhi,Cochin,19:30:00,04:25:00,535,2.0,In-flight meal not included,13029
Jet Airways,2019-05-21,Delhi,Cochin,09:40:00,04:25:00,1125,2.0,In-flight meal not included,13029
Spicejet,2019-03-03,Banglore,New Delhi,10:20:00,18:15:00,475,1.0,No Info,11401
Jet Airways,2019-06-24,Banglore,Delhi,18:55:00,22:00:00,185,0.0,In-flight meal not included,6478
Air India,2019-03-09,Delhi,Cochin,04:00:00,07:40:00,1660,1.0,No Info,10315
Vistara,2019-06-12,Chennai,Kolkata,07:05:00,09:20:00,135,0.0,No Info,3687
Jet Airways,2019-06-06,Kolkata,Banglore,17:00:00,10:55:00,1075,1.0,No Info,12692
Jet Airways,2019-06-01,Delhi,Cochin,14:35:00,04:25:00,830,2.0,No Info,13376
Air India,2019-06-18,Delhi,Cochin,05:10:00,08:00:00,170,0.0,No Info,5201
Indigo,2019-05-15,Delhi,Cochin,07:15:00,12:30:00,315,1.0,No Info,5636
Jet Airways,2019-05-21,Mumbai,Hyderabad,07:05:00,08:30:00,85,0.0,In-flight meal not included,4995
Multiple Carriers,2019-03-09,Delhi,Cochin,08:00:00,21:00:00,780,1.0,No Info,16023
Multiple Carriers,2019-05-15,Delhi,Cochin,10:00:00,01:30:00,930,1.0,No Info,8073
Jet Airways,2019-06-12,Delhi,Cochin,22:50:00,19:00:00,1210,1.0,No Info,14714
Multiple Carriers,2019-03-03,Delhi,Cochin,08:55:00,21:00:00,725,1.0,No Info,15147
Jet Airways,2019-06-15,Delhi,Cochin,05:30:00,04:25:00,1375,2.0,In-flight meal not included,10368
Air India,2019-03-18,Banglore,New Delhi,08:50:00,23:25:00,2315,2.0,No Info,10783
Indigo,2019-06-24,Delhi,Cochin,05:10:00,10:05:00,295,1.0,No Info,6496
Jet Airways,2019-06-12,Kolkata,Banglore,06:30:00,19:50:00,800,1.0,In-flight meal not included,9899
Indigo,2019-03-24,Banglore,New Delhi,22:20:00,01:10:00,170,0.0,No Info,7303
Jet Airways,2019-05-24,Kolkata,Banglore,09:35:00,23:35:00,840,1.0,No Info,14151
Jet Airways,2019-06-15,Delhi,Cochin,09:00:00,19:00:00,600,1.0,No Info,14714
Multiple Carriers,2019-03-03,Delhi,Cochin,10:45:00,18:50:00,485,1.0,No Info,15135
Indigo,2019-05-06,Kolkata,Banglore,15:15:00,17:45:00,150,0.0,No Info,4804
Jet Airways,2019-05-15,Kolkata,Banglore,08:25:00,19:50:00,685,1.0,No Info,14781
Multiple Carriers,2019-03-06,Delhi,Cochin,04:45:00,18:50:00,845,1.0,No Info,13875
Indigo,2019-03-27,Delhi,Cochin,07:45:00,13:40:00,355,1.0,No Info,4832
Indigo,2019-06-18,Banglore,Delhi,04:00:00,06:50:00,170,0.0,No Info,3943
Indigo,2019-05-15,Banglore,Delhi,01:30:00,04:15:00,165,0.0,No Info,3419
Air India,2019-05-18,Delhi,Cochin,05:00:00,07:40:00,1600,2.0,No Info,11228
Vistara,2019-05-21,Kolkata,Banglore,07:10:00,20:20:00,790,1.0,No Info,9345
Air India,2019-06-01,Delhi,Cochin,21:00:00,19:15:00,1335,1.0,No Info,8582
Jet Airways,2019-05-21,Delhi,Cochin,16:00:00,19:00:00,1620,1.0,In-flight meal not included,12898
Multiple Carriers,2019-03-03,Delhi,Cochin,10:00:00,01:35:00,935,1.0,No Info,16863
Air India,2019-05-18,Kolkata,Banglore,12:00:00,18:30:00,1830,2.0,No Info,10361
Air India,2019-06-12,Delhi,Cochin,16:55:00,19:15:00,1580,2.0,No Info,13381
Multiple Carriers,2019-06-27,Delhi,Cochin,11:40:00,01:30:00,830,1.0,In-flight meal not included,5797
Spicejet,2019-06-15,Kolkata,Banglore,06:55:00,09:30:00,155,0.0,No check-in baggage included,3841
Indigo,2019-05-03,Chennai,Kolkata,11:35:00,14:00:00,145,0.0,No Info,4332
Indigo,2019-03-24,Kolkata,Banglore,15:10:00,20:15:00,305,1.0,No Info,6762
Multiple Carriers,2019-03-27,Delhi,Cochin,13:00:00,21:00:00,480,1.0,No Info,6883
Jet Airways,2019-05-24,Banglore,Delhi,06:00:00,08:45:00,165,0.0,No Info,7229
Vistara,2019-06-06,Banglore,Delhi,09:45:00,12:35:00,170,0.0,No Info,4668
Air India,2019-05-09,Kolkata,Banglore,09:25:00,07:55:00,1350,1.0,No Info,8366
Indigo,2019-03-06,Delhi,Cochin,06:40:00,22:20:00,940,1.0,No Info,6442
Jet Airways,2019-06-06,Banglore,Delhi,11:10:00,14:05:00,175,0.0,No Info,8016
Jet Airways,2019-06-03,Delhi,Cochin,11:40:00,19:00:00,440,2.0,No Info,18804
Multiple Carriers,2019-06-03,Delhi,Cochin,10:35:00,19:00:00,505,1.0,No Info,10877
Spicejet,2019-03-27,Chennai,Kolkata,09:30:00,12:05:00,155,0.0,No Info,3384
Multiple Carriers,2019-06-01,Delhi,Cochin,03:50:00,19:00:00,910,1.0,No Info,12192
Jet Airways,2019-04-01,Kolkata,Banglore,18:55:00,18:15:00,1400,1.0,No Info,12681
Multiple Carriers,2019-05-18,Delhi,Cochin,19:00:00,01:30:00,390,1.0,No Info,8283
Jet Airways,2019-05-21,Kolkata,Banglore,20:00:00,08:15:00,735,1.0,No Info,14781
Jet Airways,2019-05-27,Delhi,Cochin,13:25:00,19:00:00,1775,2.0,No Info,15129
Jet Airways,2019-05-01,Delhi,Cochin,05:30:00,04:25:00,1375,2.0,No Info,15129
Jet Airways,2019-05-18,Banglore,Delhi,18:55:00,22:00:00,185,0.0,In-flight meal not included,5198
Jet Airways,2019-06-06,Delhi,Cochin,13:00:00,19:00:00,360,1.0,In-flight meal not included,10262
Vistara,2019-04-27,Delhi,Cochin,14:40:00,17:50:00,190,0.0,No Info,6216
Indigo,2019-03-24,Mumbai,Hyderabad,20:05:00,21:35:00,90,0.0,No Info,2227
Jet Airways,2019-06-27,Delhi,Cochin,19:10:00,12:35:00,1045,2.0,No Info,12819
Jet Airways,2019-03-21,Delhi,Cochin,18:15:00,04:25:00,610,1.0,In-flight meal not included,5963
Jet Airways,2019-04-27,Banglore,Delhi,07:10:00,10:10:00,180,0.0,In-flight meal not included,4544
Indigo,2019-06-18,Mumbai,Hyderabad,09:15:00,10:45:00,90,0.0,No Info,4049
Multiple Carriers,2019-03-06,Delhi,Cochin,06:40:00,19:15:00,755,1.0,No Info,15077
Indigo,2019-05-24,Chennai,Kolkata,14:45:00,17:05:00,140,0.0,No Info,3858
Jet Airways,2019-05-09,Kolkata,Banglore,14:05:00,20:45:00,400,1.0,No Info,14781
Spicejet,2019-04-27,Kolkata,Banglore,17:10:00,19:40:00,150,0.0,No Info,4174
Jet Airways,2019-06-03,Delhi,Cochin,17:30:00,04:25:00,655,1.0,No Info,14714
Air India,2019-06-09,Delhi,Cochin,21:00:00,07:40:00,640,1.0,No Info,8372
Air India,2019-06-24,Delhi,Cochin,17:20:00,09:25:00,965,1.0,No Info,7480
Indigo,2019-05-15,Delhi,Cochin,07:35:00,16:10:00,515,1.0,No Info,6442
Spicejet,2019-04-27,Banglore,Delhi,21:10:00,00:05:00,175,0.0,No Info,3971
Vistara,2019-04-12,Banglore,Delhi,11:30:00,14:20:00,170,0.0,No Info,5403
Jet Airways,2019-06-12,Kolkata,Banglore,08:25:00,19:50:00,685,1.0,In-flight meal not included,9899
Spicejet,2019-03-15,Banglore,New Delhi,15:35:00,23:40:00,485,1.0,No Info,5822
Indigo,2019-04-24,Banglore,Delhi,06:05:00,08:50:00,165,0.0,No Info,4423
Indigo,2019-06-12,Delhi,Cochin,23:30:00,04:35:00,305,1.0,No Info,10112
Vistara,2019-06-09,Banglore,Delhi,21:00:00,23:50:00,170,0.0,No Info,4668
Jet Airways,2019-04-01,Kolkata,Banglore,10:20:00,17:35:00,435,1.0,In-flight meal not included,6077
Indigo,2019-06-15,Delhi,Cochin,07:35:00,22:30:00,895,1.0,No Info,6442
Jet Airways,2019-05-09,Kolkata,Banglore,21:10:00,10:05:00,775,1.0,In-flight meal not included,9663
Jet Airways,2019-05-27,Delhi,Cochin,19:30:00,04:25:00,535,2.0,No Info,15129
Air India,2019-04-01,Kolkata,Banglore,12:00:00,11:10:00,1390,2.0,No Info,9258
Vistara,2019-06-09,Banglore,Delhi,19:30:00,22:15:00,165,0.0,No Info,4878
Jet Airways,2019-03-21,Delhi,Cochin,06:20:00,04:25:00,1325,2.0,No Info,11538
Indigo,2019-04-01,Banglore,Delhi,07:10:00,10:05:00,175,0.0,No Info,4823
Jet Airways,2019-03-27,Delhi,Cochin,09:55:00,18:50:00,535,1.0,No Info,12032
Spicejet,2019-05-21,Kolkata,Banglore,08:35:00,17:15:00,520,1.0,No Info,6381
Jet Airways,2019-06-12,Kolkata,Banglore,14:05:00,08:15:00,1090,1.0,No Info,13044
Vistara,2019-05-12,Kolkata,Banglore,07:10:00,23:25:00,975,1.0,No Info,9345
Spicejet,2019-06-12,Kolkata,Banglore,11:35:00,18:50:00,435,1.0,No Info,8479
Air India,2019-05-09,Kolkata,Banglore,20:30:00,08:55:00,745,1.0,No Info,10203
Jet Airways,2019-04-15,Banglore,Delhi,17:45:00,20:45:00,180,0.0,No Info,7229
Indigo,2019-03-03,Delhi,Cochin,07:30:00,13:20:00,350,1.0,No Info,13628
Jet Airways,2019-03-15,Banglore,New Delhi,05:50:00,12:20:00,390,1.0,No Info,9623
Indigo,2019-03-15,Chennai,Kolkata,07:55:00,10:15:00,140,0.0,No Info,6297
Multiple Carriers,2019-03-21,Delhi,Cochin,19:00:00,01:35:00,395,1.0,No Info,6838
Jet Airways,2019-05-24,Kolkata,Banglore,17:00:00,23:35:00,395,1.0,No Info,14151
Vistara,2019-05-06,Kolkata,Banglore,20:20:00,20:20:00,1440,1.0,No Info,8610
Indigo,2019-06-03,Delhi,Cochin,07:35:00,12:10:00,275,1.0,No Info,6069
Spicejet,2019-04-01,Mumbai,Hyderabad,05:45:00,07:15:00,90,0.0,No check-in baggage included,1965
Jet Airways,2019-05-09,Kolkata,Banglore,16:30:00,04:40:00,730,1.0,No Info,14781
Jet Airways,2019-06-12,Delhi,Cochin,17:30:00,19:00:00,1530,1.0,In-flight meal not included,10262
Indigo,2019-03-06,Delhi,Cochin,07:30:00,21:00:00,810,1.0,No Info,14871
Indigo,2019-06-12,Delhi,Cochin,21:50:00,03:35:00,345,1.0,No Info,5775
Jet Airways,2019-05-21,Delhi,Cochin,21:50:00,19:00:00,1270,1.0,No Info,16079
Multiple Carriers,2019-05-15,Delhi,Cochin,09:00:00,21:00:00,720,1.0,No Info,13727
Indigo,2019-05-21,Banglore,Delhi,10:10:00,13:00:00,170,0.0,No Info,3943
Indigo,2019-06-01,Delhi,Cochin,14:25:00,17:40:00,195,0.0,No Info,6015
Jet Airways,2019-03-06,Banglore,New Delhi,20:35:00,07:40:00,665,1.0,No Info,16736
Jet Airways,2019-05-18,Kolkata,Banglore,20:00:00,20:45:00,1485,1.0,In-flight meal not included,10844
Spicejet,2019-03-24,Banglore,New Delhi,20:30:00,23:20:00,170,0.0,No Info,3925
Indigo,2019-06-09,Kolkata,Banglore,09:35:00,12:20:00,165,0.0,No Info,4804
Jet Airways,2019-03-12,Banglore,New Delhi,22:55:00,15:15:00,980,1.0,In-flight meal not included,11087
Jet Airways,2019-03-01,Banglore,New Delhi,11:40:00,00:45:00,785,1.0,No Info,26890
Air India,2019-03-15,Banglore,New Delhi,17:00:00,22:55:00,1795,2.0,No Info,8534
Jet Airways,2019-05-01,Kolkata,Banglore,09:35:00,19:10:00,575,1.0,No Info,11467
Multiple Carriers,2019-06-03,Delhi,Cochin,12:50:00,21:00:00,490,1.0,No Info,7740
Vistara,2019-06-27,Chennai,Kolkata,17:45:00,20:05:00,140,0.0,No Info,11982
Jet Airways,2019-03-06,Banglore,New Delhi,19:55:00,22:35:00,160,0.0,No Info,18308
Air India,2019-06-06,Kolkata,Banglore,16:50:00,11:10:00,1100,1.0,No Info,8366
Jet Airways,2019-05-12,Kolkata,Banglore,16:30:00,23:35:00,425,1.0,No Info,14781
Air India,2019-05-09,Kolkata,Banglore,16:50:00,18:30:00,1540,1.0,No Info,8576
Spicejet,2019-06-21,Kolkata,Banglore,22:20:00,00:40:00,140,0.0,No Info,3873
Jet Airways,2019-05-27,Delhi,Cochin,09:40:00,04:25:00,1125,2.0,In-flight meal not included,13029
Air India,2019-04-03,Kolkata,Banglore,20:45:00,23:20:00,155,0.0,No Info,4460
Jet Airways,2019-04-18,Banglore,Delhi,17:45:00,20:45:00,180,0.0,No Info,7229
Indigo,2019-04-27,Banglore,Delhi,10:10:00,13:00:00,170,0.0,No Info,4423
Air India,2019-05-21,Kolkata,Banglore,14:30:00,12:30:00,1320,2.0,No Info,15107
Multiple Carriers,2019-03-09,Delhi,Cochin,15:05:00,01:35:00,630,1.0,In-flight meal not included,14086
Indigo,2019-06-01,Chennai,Kolkata,14:45:00,17:05:00,140,0.0,No Info,3597
Jet Airways,2019-05-21,Mumbai,Hyderabad,07:05:00,08:30:00,85,0.0,No Info,8040
Jet Airways,2019-06-06,Kolkata,Banglore,17:00:00,19:10:00,1570,1.0,No Info,14151
Spicejet,2019-03-24,Kolkata,Banglore,15:55:00,21:15:00,320,1.0,No Info,10654
Multiple Carriers,2019-06-15,Delhi,Cochin,11:40:00,19:15:00,455,1.0,No Info,9526
Jet Airways,2019-06-24,Delhi,Cochin,07:05:00,12:35:00,330,1.0,No Info,14924
Jet Airways,2019-06-15,Delhi,Cochin,13:00:00,12:35:00,1415,1.0,In-flight meal not included,10262
Multiple Carriers,2019-05-15,Delhi,Cochin,07:30:00,19:00:00,690,1.0,No Info,10529
Air India,2019-04-15,Banglore,Delhi,06:10:00,08:55:00,165,0.0,No Info,5228
Jet Airways,2019-06-27,Delhi,Cochin,22:50:00,04:25:00,335,1.0,In-flight meal not included,12898
Jet Airways,2019-05-01,Kolkata,Banglore,17:00:00,14:25:00,1285,1.0,No Info,11467
Jet Airways,2019-06-15,Delhi,Cochin,02:15:00,12:35:00,620,1.0,No Info,18371
Jet Airways,2019-03-27,Delhi,Cochin,07:05:00,04:25:00,1280,1.0,No Info,12452
Jet Airways,2019-06-06,Kolkata,Banglore,20:00:00,18:15:00,1335,1.0,In-flight meal not included,10844
Jet Airways,2019-05-06,Kolkata,Banglore,09:35:00,23:35:00,840,1.0,No Info,12121
Jet Airways,2019-05-06,Mumbai,Hyderabad,10:20:00,11:50:00,90,0.0,No Info,8040
Air India,2019-06-03,Delhi,Cochin,09:45:00,23:00:00,795,1.0,No Info,8907
Indigo,2019-04-06,Kolkata,Banglore,09:35:00,12:20:00,165,0.0,No Info,4174
Spicejet,2019-04-15,Delhi,Cochin,08:45:00,13:15:00,270,1.0,No check-in baggage included,5726
Spicejet,2019-03-09,Banglore,New Delhi,05:45:00,08:35:00,170,0.0,No Info,5126
Jet Airways,2019-06-09,Kolkata,Banglore,21:10:00,23:35:00,1585,1.0,In-flight meal not included,10844
Jet Airways,2019-03-21,Banglore,New Delhi,08:55:00,20:20:00,685,1.0,In-flight meal not included,7832
Jet Airways,2019-03-06,Banglore,New Delhi,05:45:00,19:10:00,805,1.0,No Info,16736
Spicejet,2019-06-18,Chennai,Kolkata,08:20:00,10:35:00,135,0.0,No check-in baggage included,3543
Indigo,2019-05-06,Banglore,Delhi,06:05:00,08:50:00,165,0.0,No Info,4423
Air Asia,2019-03-24,Banglore,New Delhi,23:25:00,02:10:00,165,0.0,No Info,3383
Indigo,2019-05-27,Delhi,Cochin,08:35:00,16:10:00,455,1.0,No Info,6442
Air Asia,2019-05-27,Delhi,Cochin,07:55:00,22:25:00,870,1.0,No Info,6152
Multiple Carriers,2019-06-15,Delhi,Cochin,07:10:00,16:10:00,540,1.0,In-flight meal not included,6093
Indigo,2019-06-09,Delhi,Cochin,06:50:00,16:10:00,560,1.0,No Info,6442
Indigo,2019-04-24,Delhi,Cochin,20:25:00,01:30:00,305,1.0,No Info,5065
Indigo,2019-03-21,Delhi,Cochin,14:20:00,22:20:00,480,1.0,No Info,6528
Indigo,2019-03-15,Banglore,New Delhi,22:20:00,01:10:00,170,0.0,No Info,8855
Spicejet,2019-03-06,Chennai,Kolkata,17:45:00,20:05:00,140,0.0,No Info,7298
Air Asia,2019-05-15,Kolkata,Banglore,07:35:00,23:30:00,955,1.0,No Info,5192
Jet Airways,2019-03-15,Banglore,New Delhi,08:00:00,18:25:00,625,1.0,In-flight meal not included,9134
Multiple Carriers,2019-05-18,Delhi,Cochin,09:45:00,22:30:00,765,1.0,No Info,10348
Multiple Carriers,2019-06-03,Delhi,Cochin,11:40:00,01:30:00,830,1.0,No Info,7530
Indigo,2019-05-27,Kolkata,Banglore,11:30:00,14:05:00,155,0.0,No Info,5224
Indigo,2019-03-09,Banglore,New Delhi,04:00:00,06:50:00,170,0.0,No Info,4777
Jet Airways,2019-05-01,Kolkata,Banglore,08:25:00,18:15:00,590,1.0,No Info,14781
Multiple Carriers,2019-03-21,Delhi,Cochin,07:05:00,22:20:00,915,1.0,No Info,6717
Goair,2019-06-01,Delhi,Cochin,07:25:00,13:35:00,370,1.0,No Info,6393
Multiple Carriers,2019-03-03,Delhi,Cochin,13:00:00,01:35:00,755,1.0,No Info,17493
Air India,2019-06-12,Delhi,Cochin,05:00:00,07:40:00,1600,2.0,No Info,10231
Indigo,2019-05-18,Kolkata,Banglore,20:20:00,22:55:00,155,0.0,No Info,4804
Indigo,2019-06-01,Banglore,Delhi,06:05:00,08:50:00,165,0.0,No Info,3943
Multiple Carriers,2019-06-06,Delhi,Cochin,10:20:00,01:30:00,910,1.0,No Info,6795
Air India,2019-05-09,Delhi,Cochin,20:40:00,09:25:00,765,1.0,No Info,7480
Indigo,2019-06-21,Kolkata,Banglore,17:15:00,19:50:00,155,0.0,No Info,4804
Jet Airways,2019-06-06,Delhi,Cochin,13:00:00,19:00:00,360,1.0,No Info,14714
